{
    "rmse": 0.6457284929188463,
    "mae": 0.5115060515023899,
    "r2": 0.3392853045320743
}