{
    "rmse": 0.7458862978447988,
    "mae": 0.6022612321166053,
    "r2": 0.18256484085715563
}